Chemical and Processing Engineering,B.Sc.,Chemical Engineering,Engineering
Petroleum Geoscience,B.Sc.,Chemical Engineering,Engineering
Civil Engineering,B.Sc.,Civil and Environmental Engineering,Engineering
Civil with Environmental Engineering,B.Sc.,Civil and Environmental Engineering,Engineering
Electrical and Computer Engineering,B.Sc.,Electrical and Computer Engineering,Engineering
Geomatics,B.Sc.,Geomatics Engineering and Land Management,Engineering
Land Management Valuation,B.Sc.,Geomatics Engineering and Land Management,Engineering
Industrial Engineering,B.Sc.,Mechanical and Manufacturing Engineering,Engineering
Mechanical Engineering,B.Sc.,Mechanical and Manufacturing Engineering,Engineering
Mechanical Engineering with a Minor in Biosystems,B.Sc.,Mechanical and Manufacturing Engineering,Engineering
Chemical and Processing Engineering,M.Sc.,Chemical Engineering,Engineering
Petroleum Geoscience,M.Sc.,Chemical Engineering,Engineering
Civil Engineering,M.Sc.,Civil and Environmental Engineering,Engineering
Civil with Environmental Engineering,M.Sc.,Civil and Environmental Engineering,Engineering
Electrical and Computer Engineering,M.Sc.,Electrical and Computer Engineering,Engineering
Geomatics,M.Sc.,Geomatics Engineering and Land Management,Engineering
Land Management Valuation,M.Sc.,Geomatics Engineering and Land Management,Engineering
Industrial Engineering,M.Sc.,Mechanical and Manufacturing Engineering,Engineering
Mechanical Engineering,M.Sc.,Mechanical and Manufacturing Engineering,Engineering
Mechanical Engineering with a Minor in Biosystems,M.Sc.,Mechanical and Manufacturing Engineering,Engineering
Computer Science ,B.Sc.,Computing and Information Technology,Computing
Computer Science with Management ,B.Sc.,Computing and Information Technology,Computing
Information Technology,B.Sc.,Computing and Information Technology,Computing
Information Technology with Management,B.Sc.,Computing and Information Technology,Computing
Software Engineering,B.Sc.,Computing and Information Technology,Computing
Computer Science ,M.Sc.,Computing and Information Technology,Computing
Computer Science with Management ,M.Sc.,Computing and Information Technology,Computing
Information Technology,M.Sc.,Computing and Information Technology,Computing
Information Technology with Management,M.Sc.,Computing and Information Technology,Computing
Software Engineering,M.Sc.,Computing and Information Technology,Computing
